id,answer
0,XHTML
1,the Mozilla Foundation
2,XML
3,the Mozilla Foundation
4,late 2004
5,Explorer
6,1990
7,HTTP Secure
8,Marc Andreessen
9,the World Wide Web Foundation
10,Microsoft Corp v Commission
11,Microsoft
12, 
13,Microsoft
14,Nexus
15,January 2003
16,January 2009
17,Netscape
18,Google Search
19,the Mozilla Foundation
20,b
21,2002
22,Explorer 8
23,the World Wide Web
24,Explorer
25,Favorites
26,month to month
27,1993
28,Firefox 1.0
29,Netscape
30,XHTML
31,the File Transfer Protocol
32,the Mozilla Foundation
33,the World Wide Web
34,Apple
35,HTTP Secure
36,Mosaic
37,JavaScript
38,Google Chrome
39, 
40,the World Wide Web
41,the Mozilla Foundation
42,Favorites
43,Favorites
44,May 2012
45,the File Transfer Protocol
46,Mosaic
47,the World Wide Web
48,Apple
49,Mobile Safari
50,Favorites
51,Microsoft
52,URI
53,g
54,April 7 2008 two days
55,French
56,Chinese
57,Commerce
58,The Olympic Torch
59,Kiran Bedi
60,China
61,the International Olympic Committee
62,Chinese
63,BBC CNN
64,April 5
65,Legislative Council
66,B-6075
67,MMA
68,Sultanahmet Square
69,Australian Capital Territory
70,Legislative Council
71,Russia
72,Lin Hatfield Dodds
73,the International Olympic Committee
74,Tibetan
75,Chinese
76,MMA
77,Notre Dame
78,the San Francisco Board of Supervisors
79,April 18
80,Shoichi Washizawa
81,Galschiøt
82,April 16
83,Chinese
84,Konnie
85,Airbus
86,Petronas Twin Towers
87,2012
88,UN
89,30
90,the BBC News
91,BBC
92,NED
93,North Korea
94,BBC
95,Human Rights Torch
96,One
97,One
98,Taksim Square
99,netizens
100,Macau
101,Olympics
102,Tibetan
103,the Olympic Games
104,Chinese
105,the Hong Kong Alliance
106,India
107,Chinese
108,BBC
109,48 km
110,Costanera Sur
111,Olympic
112,28 km
113,China
114,Chinese
115,Australian
116,HRTR
117,Legislative Council
118,Special Action Squad
119,Uighur
120,Russia
121,Uighur
122,Wheelchair
123,The Olympic Torch
124,Support of Patriotic Democratic Movements
125,130 days
126,Park Won-sun
127,20 km
128,Ian Thorpe
129,Londoners
130,April 26 2008
131,Special Action Squad
132,72 centimetres
133,Nobel Peace Prize
134,Lantau Link
135,April 26
136,Galschiøt
137,Reporters Without Borders'
138,Obelisk
139,16.5
140,Ministry of Foreign Affairs
141,April 18
142,Tibetan
143,April 18
144,the People's Daily
145,one
146,seven
147,hundreds
148,The Olympic Flame
149,Boycott the Beijing Olympics
150,the Bureau of Telecommunications Regulation
151,more than 200000
152,the People's Daily
153,Manavjit Singh Sandhu
154,Olympic
155,Olympics
156,Beijing Organising Committee
157,Politburo Standing Committee
158,Alliot-Marie
159,24 km
160,April 21
161,Chinese
162,April 5
163,Norman Baker
164,the San Francisco Board of Supervisors
165,World Cup
166,Medeo
167,BBC
168,Mark Palmer
169,Beijing Organising Committee
170,The United Nations Organization
171,International Olympic Committee (IOC
172,Chinese
173,Chinese
174,Uighur
175,Beijing
176,CNN
177,Petronas Twin Towers
178,France 2
179,Russia
180,International Olympic Committee (IOC
181,40
182,French
183,85000
184,Commerce
185,1989
186,Indian Police Service
187,BBC
188,The People's Daily
189,the Hong Kong Cultural Centre
190,The United Nations Organization
191,Laurel Sutherlin
192,2
193,3000
194,85000
195,Washizawa
196,India
197,French
198,The Olympic Torch
199,Falun Gong
200,April 21
201,Xinhua
202,the Marine Department
203,HRTR
204,the International Olympic Committee
205,Legislative Council
206,Nobel Peace Prize
207,Beijing Olympic
208,Xinjiang
209,Falun Gong
210,The Beijing Organizing Committee
211,Olympics
212,Tibet
213,Chinese
214,April 3
215,Bhaichung Bhutia
216,Indian Police Service
217,the Olympic Holy Flame Protection Unit
218,GWF
219,State
220,Galschiøt
221,the Middle East
222,Galschiøt
223,Chan Cheong
224,3 km
225,the Hong Kong Alliance
226,Medeo
227,the International Olympic Committee
228,Beijing Olympic
229,The Olympic Torch
230,French
231,Shoichi Washizawa
232,April 9
233,People's Liberation Army
234,120
235,Beijing Olympic
236,Almaty
237,seven
238,Western
239,UK
240,Macao Daily News
241,Summer Olympics
242,Boycott the Beijing Olympics
243,Western
244,China
245,first
246,Nazism
247,May 3
248,Notre Dame
249,Salaam
250,Xinhua
251,Chinese
252,Support of Patriotic Democratic Movements
253,Chinese
254,3000
255,May 1
256,Olympics
257,United Nations Plaza
258,Two
259,three
260,Turkey
261,Điếu Cày
262,Macau
263,150000-strong
264,Chinese
265,thousands
266,Indian Police Service
267,Lib¨¦ration
268,MMA
269,the Middle East
270,2 inches
271,the Hong Kong Alliance
272,the Olympic Games
273,the Chinese Students and Scholars Association for Chinese
274,Carrefour
275,the Eiffel Tower
276,Lin Hatfield Dodds
277,the People's Daily
278,Chinese
279,the Bureau of Telecommunications Regulation
280,Chitralada Palace
281,Fisherman
282,the Paralympic Games
283,May 4
284,Carrefour
285,Beijing Olympic
286,Olympics
287,Democracy Monument
288,the Eiffel Tower
289,BBC
290,April 15
291,China
292,Chinese
293,Almaty
294,Syrian
295,Lib¨¦ration
296,Jin Jing
297,night
298,the Eiffel Tower
299,Japan
300,Shoichi Washizawa
301,Chinese
302,Parliament
303,Chinese
304,Shoichi Washizawa
305,Mercury News
306,Sanya
307,the Beijing Olympic Games
308,The Daily Telegraph
309,Stephen Smith
310,137000 km
311,Justin Herman Plaza
312,the Bureau of Telecommunications Regulation
313,Parliament
314,Chinese
315,North Korea
316,3000
317,Medeo
318,Michael Mak Kwok-fung
319,Fisherman
320,just 2.3 km
321,Olympics
322,nearly a week
323,Beijing Olympic
324,April 27
325,Malaysia
326,One
327,Chinese
328,72 centimetres
329,BBC CNN
330,China
331,Pakistan
332,Democracy Monument
333,Uighur
334,Pakistan
335,129 days
336,the Foreign Ministry
337,April 8
338,Wheelchair
339,The United Nations Organization
340,China
341,between 2000 and 10000
342,between 2000 and 10000
343,the International Olympic Committee
344,Hong Kong
345,Chinese
346,Macau Cultural Centre
347,the Beijing Olympic Games
348,Indian
349,April 7
350,Kuala Lumpur
351,The Olympic Flame
352,BBC
353,MIDI
354,Hz
355,Pitch
356,See Frequencies
357,two
358,1
359,the American National Standards Institute
360,the American National Standards Institute
361,At least one
362, 
363,twelve
364,A880
365,t
366,A440
367,A440
368,c
369,At least one
370,Southampton
371,the River Itchen
372,The Boat Show
373,seven
374,Whitbread
375,March 2007
376,Southampton
377,Ordnance Survey
378,College American Football
379,the Eastern Docks
380,the Boer War
381,Hamwic
382,Southampton
383,Swaythling
384,Hamwic
385,Southampton
386,one
387,Roughly half
388,Labour
389,More than 2000
390,Morrison
391,600
392,White¡ª
393,16
394,World War II
395,Local Authorities
396,P&O Cruises's
397,Portsmouth
398,Power FM
399,The Boat Show
400,3
401,The Boat Show
402,Ordnance Survey
403,Southampton
404,the latter half of the 20th century
405,one
406,Saxon
407,Southampton Solent University
408,Banister Court Stadium
409,The Cruise of the Steam Yacht North Star
410,Hamwic
411,the Town Gaol
412,two
413,one
414,English
415,World War II
416,1974
417,Southampton
418,second
419,five
420,Didcot
421,The Boat Show
422,the Moorgreen Hospital
423,The Western Docks
424,Southampton
425,the Town Gaol
426,the Southern Railway Company
427,1339
428,16.7
429,Southampton
430,the Magistrates' Court
431,France
432,Southampton
433,Imperial Airways
434,Southampton
435,The Anglo-Saxons
436,Winchester
437,Southampton
438,the Southampton District Energy Scheme
439,Labour
440,19 miles
441,Portsmouth
442,Eastleigh
443,Casablanca
444,Southampton
445,All Time Low
446,The Queen Mary 2
447,Welsh National Opera
448,Southampton City Council
449,Wilts & Dorset
450,Between 1995 and 2004
451,the Hythe Ferry
452,Southampton
453,the Southern Railway Company
454,Wilts & Dorset
455,District Sunday Football League
456,Hampshire
457,Southampton
458,Southampton
459,the Southampton Sports Centre
460,Breeze
461,Portsmouth
462,2300
463,UK
464,BBC Radio Solent
465,Royal Caribbean
466,The Boat Show
467,Barton Peveril College
468,Hamwic
469,1 April 1997
470,House
471,the Princess Anne Hospital
472,Wilts & Dorset
473,600
474,Hampshire County Council
475,354
476,202
477,the Western Docks
478,World War II
479,Bargate
480,The Delays
481,The Queen Mary 2
482,Winchester
483,World War II
484,The Queen Mary 2
485,2014
486,House
487,The Anglo-Saxons
488,Southampton
489,Southampton
490,two
491,Winchester
492,Southampton
493,Castle Way
494,Winchester
495,Britons
496,two
497,Southampton
498,Georgian
499,Southampton
500,third
501,Totton to Southampton Central Station
502,Southampton
503,Local Authorities
504,Portswood Banister Park
505,Southampton
506,the Red Lion
507,M3
508,the Moorgreen Hospital
509,104
510,Between 1995 and 2004
511,the University of Southampton's
512,three
513,the Warsash Maritime Academy
514,Southampton City Council
515,Hamwic
516,The Boat Show
517,the latter half of the 20th century
518,Portsmouth
519,RMS
520,Southampton
521,5
522,Southampton
523,Southampton
524,the Marine Accident Investigation Branch
525,Voice FM (
526,three
527,the Industrial Revolution
528,Tangier
529,World War II
530,The Cruise of the Steam Yacht North Star
531,16
532,Southampton
533,the Industrial Revolution
534,two
535,Southampton
536,Southampton
537,Men's Fitness
538,Redbridge
539,Southampton
540,Portsmouth
541,Le Havre
542,Southampton
543,Tottonians
544,Hamwic
545,eight
546,the Magistrates' Court
547,500000
548,Castle Way
549,the Black Death
550,P&O Cruises's
551,The Western Docks
552,two
553,Conduit House
554,Eastleigh
555,the Medieval Merchant's
556,the Great War
557,the Crimean war
558,£100m
559,London
560,Southampton Water
561,District Sunday Football League
562,second
563,Southampton
564,24
565,Southampton
566,Two
567,630
568,the National Lottery
569,Southampton Railway
570,Southampton
571,Conduit House
572,The Cruise of the Steam Yacht North Star
573,Castle Way
574,IKEA
575,World War II
576,Trieste
577,Ian Branfoot
578,Cricket Club
579,the University Players
580,All Time Low
581,1000
582,Banister Court Stadium
583,the Warsash Maritime Academy
584,Southampton
585,3800
586,Southampton Choral Society
587,The Queen Mary 2
588,the Industrial Revolution
589,Southampton Solent University
590,Southampton
591,Itchen College
592,three
593,Southampton
594,Southampton Plot
595,16
596,7
597,Ocean FM
598,Southampton
599,4.9 per cent
600,Southampton
601,Hampshire County
602,the Government Statistics
603,one
604,500000
605,Local Government Act
606,Portsmouth
607,County
608,Southampton
609,11
610,Southampton Solent University
611,Barton Peveril College
612,Southampton
613,Winchester
614,White¡ª
615,Southampton
616,Southampton Water
617,the King's Sheriff in Hampshire
618,Portsmouth
619,Southampton
620,one
621,the Southern Railway Company
622,Cricket Club
623,1290
624,Southampton
625,the Southampton Harbour Board
626,Hampshire County Council
627,the English Civil War
628,The Queen Mary 2
629,Mansbridge
630,14
631,Southampton
632,Barton Peveril College
633,Southampton
634,Southampton
635,Volvo
636,Southampton
637,Charles Grimaldi
638,the latter half of the 20th century
639,the Crimean war
640,Hamwic
641,Southampton
642,Conduit House
643,Hampshire Constabulary
644,Winchester
645,the Western Docks
646,Castle Way
647,Southampton
648,Eastleigh
649,the Southampton Sports Centre
650,Southampton
651,WestQuay
652,Portsmouth
653,the latter half of the 20th century
654,The University of Southampton
655,Between 1995 and 2004
656,the Battle of Agincourt
657,Portsmouth
658,Joiners
659,Certain Bluestar
660,The Southampton Docks
661,the City Council
662,the City Council
663,22267
664,The Queen Mary 2
665,Certain Bluestar
666,District Sunday Football League
667,Portsmouth
668,Labour
669,Southampton
670,Southampton City College
671,Eastleigh
672,Southampton
673,The Coast
674,over 40000
675,Southampton Hockey Club
676,Southampton
677,Southampton
678,The Duchess of Cambridge
679,Newbury
680,Conduit House
681,Southampton
682,Schneider
683,Southampton RFC
684,Southampton
685,Southampton
686,Southampton Plot
687,Le Havre
688,Corporation
689,Southampton
690,Swaythling
691,District Sunday Football League
692,Eastleigh
693,Southampton
694,Cowes
695,Southampton Hockey Club
696,17000
697,World War II
698,Certain Bluestar
699,1952
700,Hampshire County Council
701,The Cruise of the Steam Yacht North Star
702,Winchester
703,Southampton
704,1879 to 1949
705,Southampton Water
706,the Industrial Revolution
707,the 1760s
708,104
709,the RMS Titanic
710,Southampton
711,Southampton
712,the centuries
713,Portswood Banister Park
714,20¨C24
715,Holocaust
716,The Holocaust
717,Germania.
718,Ashkenazi
719,Ashkenazi
720,Ashkenazi Jew's
721,Ashkenazi
722,mtDNAs
723,Ashkenazi
724,the 1930s
725,the 1990s
726,the Near East
727,Jews
728,Europe
729,Ashkenazi
730,Ashkenazi
731,Holocaust
732,Sephardim
733,Ashkenazi
734,Sephardi
735,the Longevity Genes Project
736,Emperor Caracalla
737,Ashkenazi
738,Germanica
739,Ashkenazi
740,Sephardi
741,Ashkenazi
742,Westinghouse Science Talent Search
743,Ashkenazim
744,Italians
745,European
746,Knesset
747,Haskalah
748,Germany
749,Rashi
750,the Jewish Renewal
751,two centuries
752,Judaism
753,the First Crusade
754,Crusades
755,the Longevity Genes Project
756,Ashkenazi
757,Ashkenazi
758,Ashkenazi Jew
759,1
760,Central
761,Ashkenazi
762,1790
763,Ashkenazi
764,Sefarad (Obadiah 20
765,Jewish Church
766,just 400
767,the University of Huddersfield
768,Ashkenazi
769,Rome
770,Jewish Church
771,Lubavitch Hasidim
772,Haskalah
773,Ashkenazi
774,Carlebach
775,Huns
776,Ashkenazi
777,Ashkenazi
778,Europe
779,Midrash
780,European/Syrian Jews
781,European
782,Ashkenazim
783,Huns
784,Judaism
785,Central
786,Indian
787,Ashkenazi
788,a quarter
789,Central
790,the First Crusade
791,Germany
792,Ashkenaz
793,Holocaust
794,the Historia Ecclesiastica
795,Rashi
796,the Babylonian Talmud the
797,Ashkenazi
798,the Greek Dark Age
799,the Greek Dark Age
800,Conqueror
801,the Table of Nations (Genesis 10
802,Ashkenazi
803,Jews
804,Jewry
805,the 11th century
806,Aškuzai/Iškuzai
807,Ashkenazi
808,Jewish
809,Haskalah
810,Ashkenazi
811,Ashkenazi
812,the Table of Nations (Genesis 10
813,Lubavitch Hasidim
814,Ashkenazi
815,Ashkenazi
816,Ashkenaz
817,Sephardi
818,Persians
819,Jewish
820,the 12th century
821,Ashkenazi
822,the estimated 8.8 million
823,Midrash
824,Ashkenazi
825,George Airy
826,11 July Neptune
827,Triton
828,Sun
829,¡ã S
830,Sun
831,the French Bureau des Longitudes
832,Neptune
833,Urbain Le Verrier
834,Neptune
835,Ποσειδώνας
836,Neptune
837,about 10
838,Saturn
839,the Solar System
840,two
841,British
842,Neptune
843,British
844,2019
845,1846
846,Neptune
847,the French Bureau des Longitudes
848,Neptune
849,1:2
850,¡ã
851,Neptune
852,the Great Dark Spot
853,Galileo
854,Neptune All Night
855,Neptune
856,Saturn
857,Neptune
858,Sun
859,1821
860,¡ã S
861,Voyager 1's
862,the months
863,Neptune
864,British
865,25 August 1989
866,Adams
867,the French Bureau des Longitudes
868,the Astronomer Royal
869,Voyager 1's
870,roughly 40
871,Neptune
872,Galileo
873,Sun¨CNeptune L4
874,Neptune
875,British
876,about 2.61
877,the Le Verrier Ring
878,Neptune
879,Neptune
880,Sun
881,Galileo
882,2019
883,Neptune
884,Pluto
885,Neptune
886,Neptune
887,Pluto
888,23
889,Neptune
890,Neptune
891,six
892,Neptune
893,Neptune
894,the Le Verrier Ring
895,Sun
896,Voyager 2's
897,Neptune
898,Neptune
899,1989
900,the Solar System
901,the day
902,that day
903,Neptune
904,Neptune
905,Voyager 2
906,1:1
907,Neptune
908,Galileo
909,the Solar System
910,summer season
911,This fluid
912,Neptune
913,2004
914,Voyager 1's
915,1:1
916,about 750
917,Neptune
918,Johann Gottfried Herder
919,Social Darwinism
920,Tusculanae Disputationes
921,Georg Simmel
922,Raimon Panikkar
923,West
924,Homo Sapiens
925,29
926,Stuart Hall
927,the Austro-Hungarian Empire¡ª
928,the end of the last ice age
929,one
930,European
931,English
932,American
933,Stuart Hall's
934,Social Darwinism
935,Doing Cultural Studies:
936,one
937,the Austro-Hungarian Empire¡ª
938,the late 1970s
939,Hoggart
940,European
941,State
942,Court
943,Kurtzman
944,Roger Williams
945,Court
946,Roman Catholics.[citation
947,Church
948,December 20 2005
949,Jefferson
950,Bowne
951,The Founding Fathers and the Place of Religion in America
952,the Supreme Court
953,Madison
954,December 20 2005
955,Protestant Christians
956,two
957,LSU
958,Congress
959,Jefferson
960,1835-1876
961,Judicial
962,Baptist
963,the Supreme Court
964,Center for New Religions
965,the Establishment Clause
966,1962
967,Jefferson
968,1994
969,the Supreme Court
970,Roman Catholics.[citation
971,Briefs
972,1947
973,Potter Stewart
974,the Supreme Court
975,Civil War
976,the Catholic Church's
977,the Supreme Court
978,the Danbury Baptists
979,Tennessee Constitution Article IX Section 2
980,1879
981,the Catholic Church
982,Article IV
983,1786
984,South Carolina
985,Bible
986,Columbia Law school
987,the Supreme Court
988,June 2004
989,five years
990,The Bloody Tenent of Persecution
991,three
992,Civil Religion
993,the Pledge of Allegiance
994,the Establishment Clause
995,Constitution
996,John F. Kennedy
997,Connecticut
998,the Plymouth Colony
999,ACLU
1000,as early as the mid-17th century
1001,Town of Greece
1002,Patrick Henry
1003,Madison
1004,Tennessee Constitution Article IX Section 2
1005,House
1006,Roman Catholics.[citation
1007,1878
1008,1961
1009,Christianity
1010,Prayer
1011,Newdow
1012,1789
1013,the Book of Genesis
1014,Civil War
1015,five
1016,Court
1017,the Umayyad Dynasty
1018,Hagia Sophia
1019,Venetian
1020,Lucca
1021,Palace Palestine
1022,the 11th¨C13th centuries
1023,the end of the 5th century
1024,5th¨C6th centuries
1025,the Alexander Mosaic
1026,17th-century
1027,Sant'Agata
1028,Southern Italy
1029,Jerusalem
1030,the 12th century
1031,a Jewish month
1032,Cardinal Jacopo Stefaneschi
1033,Mosaic
1034,the Cotton Genesis
1035,Nero
1036,the St. Catherine's Monastery
1037,CAD
1038,Byzantine
1039,Tiles
1040,Edward Burne-Jones
1041,Berlin
1042,Nero
1043,the 3rd¨C7th centuries
1044,Arta
1045,1066
1046,Church
1047,The Monastery of Martyrius
1048,Samaritans
1049,0000222556
1050,8th¨C9th centuries
1051,Jordan
1052,Roman
1053,the Gelati Monastery
1054,Bethlehem
1055,Christian Petra
1056,Armenian Mosaic
1057,Norman kingdom
1058,Renaissance
1059,the Latin Church
1060,UNESCO World Heritage Site
1061,5th-century
1062,Sz¨¦kesfeh¨¦rv¨¢r (Alba Regia
1063,Apostles
1064,the Western Roman Empire
1065,the Ascension of Christ
1066,Huldah
1067,Thessaloniki
1068,Greco-Roman
1069,Western European
1070,Monastery of Euthymius
1071,5th-century
1072,1989
1073,1922
1074,the Byzantine Empire
1075,Calçada Portuguesa
1076,present-day
1077,the Seasons
1078,the Despot of Epirus
1079,Muslim
1080,Baroque
1081,Christ
1082,Tree of Life
1083,Mosaic
1084,1894
1085,Anastasis
1086,Early Christian
1087,Monomachos
1088,1043¨C1056
1089,8th¨C9th centuries
1090,Roman
1091,David IV
1092,The Louvre Transfiguration
1093,Theotokos
1094,Christ in the Museo Nazionale
1095,Calçada Portuguesa
1096,the River Mureş
1097,Jewish
1098,Justin II's
1099,Paradise
1100,San Giovanni Evangelista
1101,Christ
1102,Mosaic
1103,Byzantine
1104,the Pantokrator Monastery
1105,Giotto di Bondone
1106,10
1107,the Four Seasons
1108,Baroque
1109,the end of the 4th century
1110,1607
1111,1989
1112,the second half of the 6th century
1113,Rubik
1114,Church
1115,the Church of St Stephen
1116,Byzantine
1117,the months
1118,Armenian Mosaic
1119,Santa Maria
1120,the Monte Cassino Museum
1121,the Church of the Nativity
1122,Torcello
1123,1913
1124,the first decades of the 11th century
1125,Syria
1126,Christians
1127,1989
1128,Alexander the Great's Hunt
1129,Basilica
1130,10
1131,Santa Maria
1132,CAD
1133,Hisham
1134,Monomachos
1135,Byzantine Christian
1136,one
1137,the months
1138,Hungarian
1139,1986
1140,Santa Costanza
1141,three
1142,Vrina Plain
1143,Theotokos
1144,the Judean Desert
1145,64 AD
1146,BC
1147,Constantine Monomachos
1148,Byzantine
1149,Moses
1150,1559
1151,the Hagia Sophia
1152,the Alexander Mosaic
1153,the Cathedral of Saint-Jean
1154,Basilica
1155,Iconoclastic
1156,five
1157,Komnenos
1158,Sicis The Art Mosaic Factory Srl
1159,the Middle Ages
1160,Christian Petra
1161,Amalfi
1162,the early 9th century
1163,Calçada Portuguesa
1164,64 AD
1165,Church
1166,Calçada Portuguesa
1167,the Chora Church
1168,Ravennese
1169,Macedonian
1170,1822
1171,the Labours of Hercules
1172,Roman
1173,the mid-16th century
1174,approximately 100
1175,Freedom House
1176,the Hauser Center for Nonprofit Organizations
1177,Bamar
1178,Burmese
1179,14 million tons
1180,Bamar
1181,Freedom House
1182,September 2011
1183,October 2012
1184,Myanmar
1185,Myanmar
1186,the Assistance Association for Political Prisoners
1187,Burmanisation
1188,Bamar
1189,Tiffany and Cartier
1190,People's Assembly
1191,the American Association for the Advancement of Science
1192,Burmese
1193,the Mizoram Manipur
1194,Myanmar
1195,the Assistance Association for Political Prisoners
1196,Bamar
1197,July 2013
1198,Shan
1199,the American Association for the Advancement of Science
1200,the Ministry of Education
1201,Buddhist
1202,the American Association for the Advancement of Science
1203,10 June 2012
1204,Amnesty International
1205,Human Rights Watch
1206,800
1207,Assam
1208,Human Rights Watch
1209,one
1210,Myanmar
1211,Bamar
1212,China
1213,the International Rice Research Institute
1214,Human Rights Watch
1215,Mrauk U
1216,Lawrence Lessig
1217,1886
1218,Commonwealth
1219,US
1220,the America Invents Act
1221,e
1222,IPR
1223,2001
1224,millions
1225,the United States Constitution
1226,The Recording Industry Association of America
1227,Stephan Kinsella
1228,one year's
1229,Richard Stallman
1230,Free Software Foundation
1231,three
1232,one
1233,Western
1234,Russia
1235,Russia
1236,Stephan Kinsella
1237,Commonwealth
1238,1994
1239,l
1240,ten or fifteen years
1241,China
1242,Lawrence Lessig
1243,Native American
1244,three
1245,A. Nion
1246,one
1247,three
1248,IPR
1249,1893
1250,the Agreement on Trade-Related Aspects
1251,the United States Constitution
1252,EU
1253,The Recording Industry Association of America
1254,Free Software Foundation
1255,Lawrence Lessig
1256,the Motion Picture Association of America
1257,Intellectual Property Rights
1258,the United States.[citation
1259,the Agreement on Trade-Related Aspects
1260,the America Invents Act
1261,A. Nion
1262,May 2011
1263,1998
1264,Commonwealth
1265,2004
1266,1791
1267,US
1268,1893
1269,500
1270,n
1271,the America Invents Act
1272,the Motion Picture Association of America
1273,UK
1274,one
1275,millions
1276,i
1277,U.S.
1278,e
1279,Congress
1280,Western
1281,Free Software Foundation
1282,t
1283,one
1284,the United States Constitution
1285,Stallman
1286,Catholics
1287,the Western Allied Baltic Fleet
1288,Crimea
1289,Crete
1290,Greece
1291,dispute.:415
1292,the Ukrainian Cossacks
1293,The Crimean War
1294,Principalities
1295,Persians
1296,Ottoman
1297,Fulton
1298,Silistra
1299,Silistra
1300,Russian
1301,British
1302,Russian
1303,Turkish
1304,June
1305,the Holy Alliance
1306,the Heavy Brigade
1307,the Kamishevaya Bay
1308,Russian
1309,Allied
1310,the same month
1311,British
1312,15000
1313,three
1314,Poti
1315,Russian
1316,Crimea.
1317,the Danube River
1318,Florence Nightingale
1319,25 September
1320,The Corps of Royal Engineers
1321,the Treaty of Vienna in 1815
1322,Russians
1323,Napoleon
1324,Piedmont
1325,Ottomans
1326,100-mile
1327,1300
1328,the winter of 1854
1329,Mamelon
1330,Russians
1331,French
1332,American
1333,Kars
1334,Marshal Ivan Paskevich
1335,HMS Jasper
1336,Sevastopol
1337,HMS Jasper
1338,the Ukrainian Cossacks
1339,Chetatea
1340,Cronstadt
1341,Earl
1342,Russian
1343,1853
1344,Austro-Hungarian Empire
1345,Cardigan
1346,Sinop
1347,British
1348,Russians
1349,Turks
1350,the Ukrainian Cossacks
1351,British
1352,The Corps of Royal Engineers
1353,Åland Islands
1354,Russians
1355,Nicholas
1356,The Light Brigade
1357,the Crimean War
1358,Russian
1359,Russians
1360,Russian
1361,Roger Fenton.:306¨C309 News
1362,Prussia
1363,The Greek Uprising
1364,Army
1365,HMS Jasper
1366,April 1855
1367,Sinop
1368,Cardigan
1369,Dardanelles
1370,Russian
1371,the Heavy Brigade
1372,Sevastopol
1373,Russian
1374,Florence Nightingale
1375,Chetatea
1376,Silistra
1377,Mahmud II
1378,Crimea
1379,the Battle of Nezib
1380,Earl
1381,British
1382,November 1853
1383,Napoleon III
1384,French
1385,France
1386,Russian
1387,53
1388,Russians
1389,the Heavy Brigade
1390,the Light Brigade
1391,1500
1392,Stratford Canning
1393,Alexander II
1394,Pipe
1395,Victor Emmanuel II
1396,the Vienna Conference
1397,August
1398,Pruth
1399,the Roman Catholic Church
1400,Trajan
1401,April 1854 to February 1857
1402,10000 irregulars
1403,Fuller
1404,Mamelon
1405,The Charge of the Light Brigade
1406,the Vienna Conference
1407,Allies
1408,Mamelon
1409,Cholok River
1410,6000
1411,March
1412,Earl
1413,Imperial
1414,the Heavy Brigade
1415,Sardinian
1416,June
1417,Russian
1418,Delta
1419,Russia
1420,Crimea.
1421,Ottoman
1422,Trajan
1423,Austrian
1424,Campbell
1425,Rear Admiral
1426,Helsinki
1427,Nicholas
1428,Sinop
1429,the Battle of Balaclava
1430,the Kerch Strait
1431,three
1432,Baltic Fleet
1433,23 June 1854
1434,the Heavy Brigade
1435,d'affaires
1436,Turks
1437,Muhammad Ali
1438,Kars
1439,Russians
1440,the United States
1441,Times
1442,Omar Pasha
1443,Aberdeen
1444,80000
1445,Sevastopol
1446,the Danubian Principalities
1447,two
1448,Poti
1449,Balkans
1450,the Ottoman Sublime Porte
1451,April 1854
1452,Marines
1453,a few years
1454,Captain Viktor Poplonsky
1455,ships.:422 Anchoring
1456,Crete
1457,the Church of the Nativity
1458,The Crimean War
1459,General Mikhail Gorchakov
1460,March 1856
1461,Prussia
1462,Russian
1463,French
1464,the Heavy Brigade
1465,Greek
1466,15000
1467,Tsar
1468,the Black Sea
1469,Russian
1470,the Danubian Principalities
1471,the Heavy Brigade
1472,4000
1473,the British Army
1474,Times
1475,Balkans
1476,Mamelon
1477,Tuscany and Modena
1478,the Battle of the Chernaya (
1479,Napoleon
1480,Pipe
1481,eleven months
1482,Ottoman
1483,21
1484,Britain
1485,Paris
1486,Baltic Fleet
1487,Russian Navy
1488,Tsar
1489,French
1490,Fulton
1491,British
1492,Silistra
1493,Chetatea
1494,Stratford
1495,The Crimean War
1496,Minie
1497,Manchu
1498,one
1499,one
1500,the late 19th century
1501,the British East India Company
1502,1623
1503,the Convention of Tientsin
1504,Great Qing
1505,one
1506,the 18th century
1507,Ming
1508,the Qing government
1509,Mongol Banners
1510,18
1511,Khanate
1512,the Qing dynasty
1513,Mongolia
1514,Britain
1515,the Dutch East India Company
1516,the later years
1517,three
1518,the Bright Khan
1519,the Taiping Rebellion
1520,the British Royal Navy
1521,Manchu
1522,Shunzhi
1523,79000
1524,Mongolia
1525,Shanhai Pass
1526,the Treaty of Nanjing
1527,Manchu
1528,Along the River During the Qingming Festival
1529,Zeng Guofan's
1530,1642
1531,the Beiyang Army
1532,Manchus
1533,Zhu Zhiliang
1534,the Empress Dowager Ci'an
1535,two
1536,Manchu
1537,Yongying
1538,the New Army
1539,the Huai Army
1540,Mongolia
1541,the Dutch East India Company
1542,fourteen-year
1543,the 19th century
1544,the Great Wall
1545,the Qing dynasty
1546,Ming
1547,the Huai Army
1548,1862¨C77
1549,Ming
1550,The British East India Company
1551,the Eight Banners
1552,203583 hectares
1553,Textile
1554,1642
1555,Manchus
1556,China
1557,Yuan Shikai
1558,Jianzhou
1559,the Bright Khan
1560,the following year
1561,Ming
1562,Wu
1563,Sun Yat-sen's
1564,China
1565,Dorgon
1566,one
1567,100 million to 300 million
1568,Qing
1569,Mongol
1570,Mongolia
1571,Khanate
1572,Ci'an
1573,Oboi
1574,the British East India Company
1575,Liaodong
1576,the Taiping Rebellion
1577,Jiangnan
1578,the Hundred Days' Reform of 1898
1579,Qing
1580,Eight
1581,Russia
1582,Han
1583,Great Qing
1584,in 1945
1585,British
1586,1884
1587,Confucian
1588,1636
1589,the Dutch East India Company
1590,Jiangnan
1591,the British Royal Navy
1592,the Three Feudatories
1593,Western
1594,Great Qing
1595,the Triple Intervention
1596,over 3400
1597,the Grand Council
1598,Fujian
1599,Eight
1600,the Gapsin Coup
1601,Kangxi
1602,The Xiang Army
1603,Chinese
1604,the Ming dynasty
1605,one
1606,China
1607,Imperial
1608,Ming
1609,Han Bannermen
1610,Three
1611,Dowager Cixi
1612,Manchu
1613,Ming
1614,the Gapsin Coup
1615,Zh¨­nggu¨®
1616,Manchu
1617,1661
1618,1870
1619,Manchu
1620,Kang Youwei
1621,approximately 13 million km2
1622,five
1623,the Qing government
1624,The Classic of Filial Piety
1625,Chinese
1626,General Yuan Shikai
1627,Ming
1628,1842
1629,this day
1630,Shang Kexi
1631,Xianfeng
1632,later years
1633,nine
1634,Hooge
1635,The Taiping Rebellion
1636,Chinese
1637,Tian Shan
1638,Ming
1639,Han
1640,1673
1641,eighteen
1642,the Convention of Beijing
1643,Banner
1644,Lin
1645,the Empress Dowager lived
1646,Manchu
1647,Joseon
1648,Qing
1649,White Banner
1650,Manchu
1651,the Bright Khan
1652,Qing
1653,the Convention of Beijing
1654,Ming
1655,Banner
1656,Chinese
1657,the Yangtze River
1658,the Sino-French War
1659,1854
1660,the First Sino-Japanese War
1661,Ci'an
1662,the First Sino-Japanese War
1663,Yongzheng
1664,Manchu
1665,the Qing government
1666,36304
1667,four
1668,the late 17th century
1669,the Qing
1670,Shang Kexi
1671,some 20 million
1672,Qing
1673,Han
1674,Khan
1675,Great Qing
1676,the Convention of Tientsin
1677,1895
1678,China
1679,the Shunzhi Emperor
1680,D¨¤ Q¨©ng
1681,1883
1682,New World
1683,the mid-19th century
1684,the dynasty
1685,the early 17th century
1686,The Sino-French War
1687,the Bright Khan
1688,Mongolian
1689,Great Qing
1690,Hundred Days' Reform of 1898
1691,1860
1692,Han
1693,Russia
1694,Manchu
1695,Manchu
1696,the Juye Incident
1697,The Xiang Army
1698,Manchu
1699,Manchus
1700,the Convention of Tientsin
1701,dynasty
1702,Yaqub Beg
1703,one
1704,the Red Chamber
1705,the Self-Strengthening Movement
1706,Manchuria
1707,one
1708,Ming
1709,(Old Han Army
1710,Manchuria
1711,Manchu
1712,first
1713,Mongols
1714,1875
1715,Chinese
1716,The Treaty of Nanjing
1717,Qing
1718,1723
1719,the Summer Palace
1720,Qing
1721,1860
1722,dynasty
1723,Chinese
1724,Siku Quanshu
1725,Qing
1726,Han Chinese
1727,one
1728,DST
1729,DST
1730,the Meteorological Office
1731,Continental Europe
1732,Vista
1733,the European Union's
1734,Wilson
1735,an hour earlier
1736,DST
1737,DST
1738,DST
1739,Western Australians
1740,DST
1741,first
1742,Microsoft
1743,DST
1744,Eastern European Time
1745,DST
1746,DST
1747,Queensland Parliament
1748,DST
1749,American Heritage
1750,DST
1751,winter
1752,DST
1753,the Second World War
1754,UTC
1755,spring
1756,DST
1757,DST
1758,DST
1759,DST
1760,Pacific Time
1761,summer
1762,DST
1763,DST
1764,DST
1765,DST
1766,first
1767,DST year-round
1768,DST
1769,Daylight
1770,spring
1771,Kingsford Charcoal
1772,30 April 1916
1773,Oxford
1774,DST
1775,BST
1776,DST
1777,hour
1778,Daylight Slaving Time
1779,the third hour
1780,the National Bank
1781,DST
1782,Windows 98
1783,DST
1784,Saskatoon Saskatchewan
1785,Continental Europe
1786,Standard Time
1787,spring
1788,two
1789,two hours
1790,the evening
1791,the Second World War
1792,daily
1793,DST
1794,The Retinitis Pigmentosa Foundation Fighting Blindness
1795,UTC
1796,DST
1797,DST
1798,DOE
1799,LEAA
1800,an s
1801,DST
1802,World War
1803,Wilson
1804,DST
1805,one
1806,the Liberal Member
1807,FAT
1808,DST
1809,24:00
1810,DST
1811,DST
1812,01:59:59.9
1813,DST
1814,Windows
1815,DST
1816,Willett
1817,World War I
1818,DST
1819,Christie (the Astronomer Royal
1820,UTC
1821,DST
1822,Today
1823,Alaska
1824,DST
1825,DST
1826,Utah State University
1827,Daylight
1828,one
1829,Windows
1830,spring
1831,at least two
1832,1919
1833,first
1834,DST
1835,the Second World War
1836,Continental Europe
1837,Utah State University
1838,Clock
1839,Chile
1840,Willett
1841,DST
1842,Franklin
1843,Standard Time
1844,evening
1845,DST
1846,the European Union's
1847,DST
1848,Continental Europe
1849,DST
1850,Dmitri Medvedev
1851,DST
1852,an extra hour
1853,Queensland Independent
1854,DST
1855,first
1856,two
1857,wintertime morning
1858,the year
1859,The Retinitis Pigmentosa Foundation Fighting Blindness
1860,DST
1861,one hour
1862,DST
1863,DST
1864,the US House of Representatives
1865,TZ
1866,the Insurance Institute for Highway Safety
1867,The Retinitis Pigmentosa Foundation Fighting Blindness
1868,DST
1869,World War
1870,DST
1871,Parliament
1872,Rome
1873,UTC
1874,NTFS
1875,Windows
1876,DST
1877,Continental Europe
1878,The Retinitis Pigmentosa Foundation Fighting Blindness
1879,Daylight
1880,Clorox
1881,DST
1882,the 2000s
1883,Billboard
1884,AC/DC
1885,Dick Dale
1886,Eliminator
1887,Still Loving You
1888,1986
1889,d
1890,Live Gonzo
1891,Billboard
1892,the 1950s
1893,Deep Purple
1894,Axl Rose
1895,Hysteria with Adrenalize
1896,Fair Warning
1897,Quiet Riot's
1898,10
1899,Can't Fight This Feeling
1900,Hair of the Dog
1901,8-year
1902,Poison
1903,Hysteria with Adrenalize
1904,Gimme All Your Lovin'
1905,OU812
1906,two
1907,Guns N' Roses'
1908,A-Gadda-Da-Vida (
1909,Rocks
1910,8-year
1911,Gimme All Your Lovin'
1912,Groups
1913,Staind Puddle of Mudd and Nickelback
1914,Iron Butterfly
1915,Fair Warning
1916,Joe Hill Louis
1917,the late 1990s
1918,Eliminator
1919,Cotton Crop Blues
1920,Mother Love Bone and Soundgarden
1921,Can't Fight This Feeling
1922,Red Velvet Car
1923,I Want to Know What Love
1924,
1925,Izzy Stradlin
1926,Eliminator
1927,Can't Fight This Feeling
1928,Mötley Crüe
1929,40
1930,The Black Crowes
1931,18
1932,1981
1933,Guns N' Roses'
1934,Keep on Loving You
1935,Sword
1936,These Dreams
1937,These Dreams
1938,Louie Louie
1939,Billboard
1940,Wasted Youth and Stone Temple Pilots
1941,REO Speedwagon
1942,The World
1943,e
1944,13 April 2015
1945,FCC
1946,ISP
1947,u
1948,FCC
1949,4 years
1950,the late 1980s
1951,WISP
1952,CALEA
1953,ISP
1954,m
1955,the late 1980s
1956,FCC
1957,l
1958,u
1959,PoP
1960,n
1961,ISP
1962,National Security Agency
1963, 
1964,FCC
1965,12 March 2015
1966,PoP
1967,r
1968,r
1969,1924
1970,$31 million
1971,the U.S. News & World Report's
1972,Navy
1973,Midwest
1974,the Kansas Board of Regents
1975,Emporia
1976,62
1977,the Edwards Campus
1978,Hall of Fame
1979,The University of Kansas School of Architecture Design
1980,the Association to Advance Collegiate Schools of Business (AACSB
1981,The Community Tool Box
1982,KANU
1983,Mark Mangino
1984,16
1985,Best Graduate Schools
1986,The KU Bookstore
1987,the Edwards Campus
1988,School of Journalism
1989,the Edwards Campus
1990,KU¡¯s School of Engineering
1991,KUJH-LP
1992,seven
1993,BSEE
1994,1948 1968
1995,Stand Up and Cheer
1996,America¡¯s Best Colleges
1997,the National Debate Tournament
1998,five
1999,the University of Kansas Natural History Museum
2000,the Edwards Campus
2001,the KU Bookstore
2002,Ford Motor Company
2003,Standard Oil of Ohio
2004,Larry Brown
2005,the KU J-School
2006,Wichita
2007,The University of Kansas Medical Center
2008,the Kansas Union
2009,the KU School of Business
2010,Best Architecture and Design Schools
2011,the Spencer Museum of Art
2012,785
2013,Princeton Review
2014,32
2015,Planning
2016,the Edwards Campus
2017,ABET
2018,KU Endowment
2019,University of Kansas
2020,Board of Regents
2021,2008
2022,3349
2023,the Jayhawks went 12¨C1
2024,ESPN Regional Television
2025,the University of Kansas
2026,two years
2027,1926
2028,Nike
2029,the FedEx Orange Bowl
2030,the Work Group for Community Health and Development
2031,1873
2032,Medical Center and University Hospital
2033,Oregon
2034,the Kansas Board of Regents
2035,the National Debate Tournament
2036,ESPN Regional Television
2037,23597
2038,Review
2039,Dartmouth
2040,the Edwards Campus
2041,1873
2042,Rim Rock Farm
2043,one
2044,1891
2045,Review
2046,James Green
2047,the Edwards Campus
2048,one
2049,Kansas Public Radio
2050,KU's
2051,Project Apollo Command Capsule Recovery Operations
2052,the University of North Carolina at Chapel Hill
2053,at least 30000
2054,the Work Group for Community Health and Development
2055,Allen
2056,three
2057,KU's
2058,The School of Engineering
2059,U.S. News & World Report
2060,around 2
2061,the Sky Digital
2062,Pobol y Cwm ('
2063,1974
2064,World War II
2065,BBC
2066,the British Broadcasting Corporation
2067,BBC Japan
2068,BBC
2069,one
2070,BBC
2071,BBC
2072,Baird
2073,weeks
2074,BBC
2075,BBC
2076,Astra
2077,BBC Two
2078,Opening of the BBC Television Service
2079,Mickey Mouse
2080,World War II
2081,Britain
2082,one
2083,an estimated 25000¨C40000
2084,CBBC
2085,Britain
2086,BBC
2087,BBC
2088,BBC
2089,17:00
2090,30
2091,Prejudice
2092,the Blackstuff and Our Friends
2093,1936
2094,BBC
2095,nearly 1000
2096,Little Angels
2097,Scottish Premier League
2098,mid-1950s
2099,1936
2100,1932
2101,one
2102,ITV
2103,a 40 kilometres
2104,April 2006
2105,BBC One
2106,RCA
2107,The Ascent of Man
2108,Mickey Mouse
2109,BBC Television
2110,People of the Valley'
2111,Farnsworth
2112,BBC
2113,six months
2114,between December 2004
2115,17:16
2116,eight
2117,London
2118,18999
2119,BBC Television
2120,BBC
2121,BBC Vision
2122,BBC
2123,one
2124,mid-1950s
2125,5 July 2004
2126,Television
2127,Opening of the BBC Television Service
2128,London
2129,Sutton
2130,London
2131,two
2132,Television
2133,nearly 1000
2134,World War II
2135,BBC TV
2136,the Sky Digital
2137,the 1950s
2138,625-line
2139,5 July 2004
2140,the United Kingdom
2141,March 2003
2142,BBC Japan
2143,BBC Worldwide
2144,BBC Scotland
2145,1967
2146,BBC Vision
2147,2010
2148,China
2149,Latinos
2150,2002¨C2003
2151,the Second World War
2152,Frank Livingstone's
2153,the United States
2154,only 35%
2155,Jim Crow
2156,One
2157,two
2158,u
2159,the United States
2160,The Human Genome Project
2161,two
2162,Human Genetic Diversity:
2163,Hispanic/Latino
2164,Eastern Europe
2165,the United States
2166,only 35%
2167,West
2168,FST
2169,s
2170,two
2171,the United States
2172,African
2173,One
2174,Tang
2175,the United States
2176,IBGE
2177,U.S.
2178,European
2179,Groups
2180,the 1931
2181,Latin America
2182,thirteen
2183,Whites
2184,Human Genetic Diversity:
2185,Western Europe
2186,one
2187,Recommendation ECRI
2188,François Bernier's
2189,2003
2190,United States
2191,Brazilian
2192,2000
2193,seventy-five percent
2194,Africa
2195,one
2196,c
2197,Leonard Lieberman
2198,Hammer et al
2199,Gaggiotti
2200,roughly 3.5 million
2201,One
2202,2002¨C2003
2203,the Second World War
2204,the United States
2205,Icelanders
2206,today
2207,Today
2208,the National Institute of Health
2209,one
2210,one
2211,e
2212,75%
2213,one
2214,2003
2215,Fullerton
2216,20000
2217,FST
2218,Brace
2219,the early 20th century
2220,6.4 million
2221,One
2222,the United States
2223,two
2224,Duke University
2225,Journal of Physical Anthropology
2226,the United States
2227,The New Jim Crow
2228,one
2229,Latinos
2230,Judaism
2231,0.15¨C0.25
2232,Latinos
2233,92%
2234,United States
2235,two
2236,Norman Sauer
2237,Atlantic
2238,the Stanford University School of Medicine
2239,Holm
2240,The Human Genome Project
2241,Caucasoid
2242,one
2243,Latino
2244,Fullerton
2245, 
2246,Civil War
2247,the United States
2248,European
2249,One
2250,Human Genetic Diversity:
2251,The New Jim Crow
2252,Latinos
2253,two
2254,Icelanders
2255,George W. Gill
2256,IBGE
2257,the National Institute of Health
2258,Jim Crow
2259,Štrkalj
2260,five
2261,Frank Livingstone's
2262,FST
2263,n
2264,Judaism
2265,Templeton
2266,Carl Linnaeus
2267,Templeton
2268,Groups
2269,1978
2270,the Stanford University School of Medicine
2271,The Natural Varieties of Mankind
2272,East Asian
2273,s
2274,the Second World War
2275,2002¨C2003
2276,Caucasians
2277,One
2278,the 1950s
2279,100%
2280,Stephen Molnar
2281,One
2282,1995
2283,Templeton
2284,one
2285,Nazi
2286,two
2287,ninety or ninety-five
2288,3
2289,African
2290,Duke University
2291,1992
2292,Brazil
2293,The New Jim Crow
2294,Templeton
2295,European
2296,Mongoloid
2297,two
2298,Kittles
2299,Dean Amadon
2300,The European Union
2301,Mongoloid
2302,Eduardo Bonilla-Silva
2303,IBGE
2304,East Indians
2305,FST
2306,Race
2307,East Africa
2308,Latinos
2309,Norman Sauer
2310,Evolutionary Biology
2311,one
2312,Civil War
2313,92%
2314,Han
2315,Journal of Physical Anthropology
2316,20000
2317,Holm
2318,One
2319,Negros
2320,Kittles
2321,the Anthropological Society of London
2322,one
2323,One
2324,Paul Ehrlich
2325,f
2326,two
2327,Han
2328,François Bernier's
2329,69
2330,George W. Gill
2331,Human Genetic Diversity and the Nonexistence of Biological Races
2332,The European Union
2333,Africa
2334,s
2335,1978
2336,r
2337,Rachel Caspari
2338,a
2339,one
2340,FST
2341,Evolutionary Biology
2342,FST
2343,Human Genetic Diversity:
2344,one
2345,Carl Linnaeus
2346,White one
2347,Han
2348,the twenty-first century
2349,between 1932 and 1989
2350,Genetic Structure Self-Identified Race/Ethnicity
2351,the European Parliament
2352,Wang
2353,Latinos
2354,one
2355,the early 20th century
2356,2010
2357,Groups
2358,at least two
2359,Civil War
2360,Brazilian
2361,Hispanic/Latino
2362,one
2363,Latin America
2364,the Anthropological Society of London
2365,2003
2366,Recommendation ECRI
2367,FST
2368,the Second World War
2369,20000
2370,Wang
2371,Europe
2372, 
2373,Rachel Caspari
2374,The East Asians
2375,the Second World War
2376,H.
2377,first
2378,Kittles
2379,Case-Control Association Studies
2380,subdivisions
2381,FBI
2382,the Neolithic Revolution
2383, 
2384,The Neolithic 1 (PPNA
2385,Catal Huyuk
2386,BC
2387,h
2388,the Norte Chico Civilization Formative Mesoamerica and Ancient Hawaiʻi
2389,BC
2390,BC
2391,Rhine
2392,the Norte Chico Civilization Formative Mesoamerica and Ancient Hawaiʻi
2393, 
2394,BC
2395,k
2396,Neolithic
2397,1981
2398,Neolithic
2399,Tell Qaramel
2400,e
2401,2002
2402,the Bronze Age
2403,first
2404,BC
2405,the Norte Chico Civilization Formative Mesoamerica and Ancient Hawaiʻi
2406,f
2407,Catal Huyuk
2408,first
2409,BC
2410,Göbekli Tepe
2411,BC
2412,the Jordan Valley
2413,b
2414,the early fifth millennium
2415,Marxist
2416, 
2417,Moldova
2418,e
2419,Halaf
2420,g
2421,1981
2422,BC
2423,Neolithic
2424,Pre-Pottery Neolithic A (PPNA
2425,The Neolithic 2
2426,Neolithic
2427,many thousand
2428,Central Asia
2429,the Single Convention on Narcotic Drugs
2430,The Federal Supreme Court
2431,t
2432,Senate
2433,Congress
2434,y
2435,i
2436,t
2437,Ubayy
2438,UN
2439,House
2440,the United Nations
2441,European
2442,Two
2443,Treaty
2444,i
2445,European
2446,.
2447,Europeans
2448, 
2449,the M¨¡ori of New Zealand
2450,the United Nations Framework Convention on Climate Change
2451,first
2452,Locarno
2453,Muslims
2454,e
2455,The Law of Treaties
2456,UNFCCC
2457,Brazil
2458,one
2459,a given date
2460,a
2461,The Supreme Court
2462,the United States
2463,U.S.
2464,one
2465,t
2466,t
2467,e
2468,The Vienna Convention
2469,March 3 1871 (
2470,o
2471, 
2472,r
2473,the United States
2474,Swiss
2475,Congress
2476,the United Nations
2477,g
2478,one
2479,563
2480,the Office of Legal Affairs
2481,two
2482,the M¨¡ori of New Zealand
2483,UN
2484,The Law of Treaties
2485,the Office of Legal Affairs
2486,the United States
2487,U.S.
2488,the late 19th century
2489,European
2490,a given date
2491,Consent
2492,o
2493,two
2494,one
2495,The Supreme Court
2496,one
2497,UN
2498,Consent
2499,o
2500,two
2501,a
2502,the United Nations
2503,n
2504,Consent
2505,State
2506,two-thirds
2507,Locarno
2508, 
2509,three
2510,the United Nations
2511,The Federal Supreme Court
2512,one
2513,n
2514,Consent
2515,Ethiopia
2516,r
2517,one
2518,The Law of Treaties
2519,Consent
2520,t
2521,Consent
2522,The Vienna Convention
2523,o
2524, 
2525,g
2526,a
2527,Senate
2528,p
2529,1871
2530,Congress
2531,e
2532,State
2533,House
2534,the Single Convention on Narcotic Drugs
2535,Consent
2536,Europeans
2537,The Federal Supreme Court
2538,i
2539,one
2540,Parliament
2541,House
2542,State
2543,p
2544,Swiss
2545, 
2546, 
2547,first
2548,first
2549,p
2550,first
2551,Article 56 of the Vienna Convention on the Law of Treaties
2552,Parliament
2553,Articles of Confederation
2554,Parliament of India
2555,one
2556,European
2557,the United Nations
2558,e
2559,first
2560,Jews
2561, 
2562,the United States
2563,two
2564,the United Nations
2565,One
2566,d
2567,EU
2568,a given date
2569,The Law of Treaties
2570,the late 19th century
2571,two
2572,Treaty
2573,e
2574,The Law of Treaties
2575,One
2576,first
2577,Articles of Confederation
2578,e
2579,Consent
2580,the Single Convention on Narcotic Drugs
2581,Congress
2582,600
2583,Ubayy
2584,the M¨¡ori of New Zealand
2585,a
2586, 
2587,the United Nations Framework Convention on Climate Change
2588,one
2589,the Supreme Court
2590,f
2591,The Supreme Court
2592,Treaty
2593,e
2594,the Vienna Convention
2595,State
2596, 
2597,Congress
2598,the Hotel Adlon
2599,40-50%
2600,United Technologies Corporation
2601,1 meter
2602,Pascal
2603,two
2604,Elevator
2605,Sprague
2606,98 ft
2607,Sprague
2608,the 2nd
2609,60th
2610,the September 11th
2611,four
2612,LiftEye
2613,Pascal
2614,three
2615,AC
2616,the Bilbao Metro
2617,AGVs
2618,AGVs
2619, 
2620,around 2010
2621,r
2622,ThyssenKrupp ISIS
2623, 
2624,one
2625,the CAN/CSA B44 Safety Standard
2626,e
2627,AC
2628,488
2629,Hormer
2630,AGVs
2631,lunch-time
2632,Dumbwaiters
2633,2300 to 4500 kg
2634,Cooper Union Foundation
2635,3 m/s
2636,the Otis Elevator Company
2637,two
2638,around 2010
2639,the September 11th
2640,Neapolitan
2641,Radio City Music Hall
2642,two
2643,Hormer
2644,d
2645,r
2646, 
2647,FIFA World Cup
2648,1189
2649,eight
2650,FIFA World Cup
2651,UEFA Euro 2012
2652,the Crown Dependencies
2653,Eriksson
2654,FA
2655,the World Cup
2656,FIFA World Cup
2657,FIFA World Cup
2658,World Cup
2659,FIFA
2660,FIFA World Cup
2661,FIFA World Cup
2662,England
2663,the Home Nations
2664,Mexico
2665,UEFA Euro 2012
2666,the World Cup
2667,three
2668,FIFA
2669,UEFA European Championship Finals
2670,Syd Owen
2671,between £4.99 and £11.99
2672,Euro 96
2673,John Terry
2674,FIFA
2675,Tudor
2676,FIFA World Cups
2677,Falekaupule
2678,the European Union
2679,Pacific Seasonal Worker Program
2680,Tuvalu
2681,Facility
2682,Tuvalu
2683,Tuvalu
2684,Pacific Community
2685,HMS Royalist
2686,Tuvalu
2687,Severe Tropical Cyclone Ofa
2688,Tuvalu
2689,Tuvalu
2690,Tuvalu
2691,R/O
2692,Convention
2693,Tuvalu
2694,Tuvalu
2695,Tuvalu
2696,Tuvalu
2697,Tuvaluan
2698,Waste Control)
2699,Tuvaluan
2700,Tuvalu
2701,TLD
2702,The United Nations
2703,the Independence Day Sports Festival
2704,Tuvalu
2705,Tuvalu
2706,The Pacific ACP States
2707,Falekaupule
2708,Allied
2709,Tuvaluan
2710,Tuvalu
2711,Tuvalu
2712,Mourelle
2713,Falekaupule
2714,1865
2715,Nanumanga
2716,The Ethnology of Funafuti
2717,Macfarlane of Auckland New Zealand
2718,Nukufetau rather than Funafuti
2719,the House of the Assembly
2720,May 1819
2721,The Tuvaluan Order 1975
2722,R/O
2723,HMS Royalist
2724,Tuvaluan
2725,Alexander George Findlay
2726,HMS Royalist
2727,the Asian Development Bank
2728,Tuvalu
2729,Tuvalu
2730,that year
2731,the Ellice Group
2732,Tuvalu
2733,The Mollusca of Funafuti
2734,BWPT
2735,Elekana
2736,Motufoua Secondary School
2737,the Court of Appeal
2738,R/O
2739,Tuvalu
2740,El Niño
2741,Copenhagen
2742,Tuvalu
2743,about ten per cent
2744,Tuvalu
2745,Tuvalu
2746,Tuvalu
2747,two
2748,2004¨C2006
2749,Tuvalu
2750,the Memorandum of Understanding (MOU
2751,El Gran Cocal
2752,Falekaupule
2753,Tuvalu
2754,Tuvalu
2755,Tuvaluan
2756,Tuvalu
2757,Tuvalu
2758,Radio Tuvalu
2759,10 square miles
2760,Harry Nitz
2761,Mourelle
2762,Whibley
2763,the Japan International Cooperation Agency
2764,Tuvalu
2765,World War II
2766,13
2767,PSSC
2768,Nukufetau and Funafuti
2769,Cyclone Bebe
2770,Tongan
2771,two
2772,Tuvalu
2773,Tuvalu
2774,The Tuvalu Overseas Seamen's Union (TOSU
2775,nine
2776,the Tuvalu Government
2777,Fongafale
2778,nine
2779,Tuvalu
2780,Polynesia
2781,Tuvalu
2782,the National Bank of Tuvalu
2783,Severe Tropical Cyclone Ofa
2784,the Tuvalu Borrow Pits Remediation
2785,Pouka
2786,The Mystery of Gran Cocal
2787,Tuvalu
2788,the United Nations
2789,5
2790,Tuvalu
2791,Tuvalu
2792,109
2793,365000
2794,Tuvalu
2795,Tuvalu
2796,Falekaupule
2797,Pacific Environment Community
2798,Fongafale
2799,Tuvalu
2800,Tuvalu
2801,Suva
2802,Tuvalu
2803,Copenhagen
2804,the International Monetary Fund
2805,Parliament
2806,Nanumanga
2807,Falekaupule
2808,Tuvalu
2809,Tuvalu
2810,180
2811,July 2012
2812,Whibley
2813,NeXT
2814,Compaq
2815,The Macintosh Classic
2816,Macintosh
2817,Apple
2818,7.7
2819,Apple
2820,nVidia GeForce
2821,iMac G3
2822,Apple
2823,Macintosh
2824,only one
2825,GUI
2826,Radeon
2827,Macintosh
2828,Windows
2829,MultiPlan
2830,Mac OS X
2831,Windows
2832,Parallels Desktop
2833,Steve Jobs'
2834,Mac OS X
2835,Macintosh
2836,Ultrabook
2837,Mac OS X
2838,Motorola
2839,Macintosh
2840,Lotus
2841,Apple
2842,Microsoft
2843,Macintosh
2844,Jean-Louis
2845,C++
2846,Regis McKenna
2847,Only about ten
2848,Apple
2849,OS
2850,January 24 1984
2851,iPhone
2852,Intel
2853,some months earlier
2854,almost 250000
2855,Steve Jobs
2856,Apple
2857,Apple
2858,US$1.5 million
2859,Macintoshes
2860,Mac OS X
2861,Bruce Horn
2862,today
2863,Apple
2864,January 24 1984
2865,13-inch
2866,Macintosh
2867,Macintosh
2868,1993
2869,68030 PowerBook
2870,LCD
2871,NeXT
2872,Apple
2873,Apple
2874,Macintosh
2875,early 2001
2876,Apple
2877,IDC
2878,ADB
2879,Windows
2880,Macintosh
2881,MacWrite
2882,that same quarter
2883,AppleWorks
2884,Apple
2885,Intel
2886,Apple
2887,iPhone
2888,Byte Magazine
2889,Air
2890,Open Firmware
2891,MMU
2892,Centris
2893,Intel
2894,Apple Inc.
2895,Susan Kare
2896,Macs
2897,Macintosh
2898,Macs
2899,Acer
2900,Apple
2901,Apple
2902,the MacBook Air
2903,Safari
2904,MacBook Pro
2905,Macintosh
2906,24 hours
2907,1985
2908,1989
2909,Apple
2910,Open Firmware
2911,Apple
2912,3.36 million
2913,Macintosh
2914,USB
2915,October 15 of that year
2916,Mid-2011
2917,Mac OS X
2918,Macs
2919,Macs
2920,the Snow White
2921,6809E
2922,Apple
2923,Hewlett-Packard
2924,384¡Á256-pixel
2925,OS
2926,Mac OS X
2927,Macs
2928,PowerMac
2929,20
2930,2006
2931,Pascal
2932,IBM
2933,Windows
2934,50000
2935,Motorola
2936,iPod
2937,Multiprocessing Services
2938,iPhone
2939,IBM
2940,Macintosh
2941,Apple
2942,February 2006
2943,Macintosh
2944,the Magic Mouse
2945,Apple
2946,Apple
2947,Gartner
2948,up to 10
2949,2005
2950,Adobe's Photoshop
2951,Windows
2952,68030 PowerBook
2953,Macintosh
2954,Apple
2955,Gartner
2956,IBM
2957,Apple
2958,John Sculley
2959,Macintosh
2960,Macintosh
2961,Macintosh
2962,Apple
2963,An estimated 100000
2964,iPhone
2965,only one
2966,Acer
2967,one
2968,Apple
2969,Macintosh
2970,Only about ten
2971,Magic Trackpad
2972,MMU
2973,Apple
2974,K Mac
2975,MacWrite Pro
2976,the MacBook Air
2977,Apple
2978,1981
2979,the Power Macintosh
2980,Lotus
2981,MPW
2982,two
2983,only one
2984,iMac G3
2985,one
2986,Apple
2987,iMac G3
2988,2006
2989,FileMaker Pro
2990,Gartner
2991,Himachal Pradesh's
2992,Reliance Infocomm
2993,The Council of Ministers
2994,Brahmins
2995,Spiti
2996,Himachal
2997,Transparency International
2998,1971
2999,Himachal
3000,Radio and TV
3001,Himachal
3002,between 2250 and 1750
3003,Lokmitra
3004,Tata Indicom
3005,1971
3006,Mandi
3007,Himachal
3008,Bharatiya Janata Party
3009,Kullu
3010,Himachal Pradesh
3011,District Magistrate
3012,Hindi
3013,Himachal Pradesh's
3014,Punjab
3015,British
3016,Himachal
3017,1806
3018,Himalayas
3019,254 billion
3020,Vodafone
3021,Kinnars
3022,Himachal
3023,KFC and Pizza
3024,Mandyali
3025,30 December 2007
3026,52.7 million
3027,Bilaspur
3028,Dagis
3029,Airtel
3030,1 November 1966
3031,Himachal
3032,Shimla
3033,Hindi
3034,2006
3035,Gompa
3036,1948
3037,Transparency International
3038,52.7 million
3039,Spiti
3040,Rome
3041,Capitoline
3042,Imperial
3043,Imperial
3044,Robigo
3045,Symmachus
3046,Church
3047,Republican
3048,Imperial
3049,the First Council of Nicaea
3050,Roman
3051,Marcellus
3052,Lucretius
3053,BC
3054,Neptune
3055,Vestal
3056,the Trojan refugee Aeneas
3057,Church
3058,Roman
3059,Gauls
3060,Cicero
3061,Roman
3062,Regal
3063,Imperial
3064,Church
3065,Imperial
3066,Rome
3067,the Council of Tours
3068,Marcellus
3069,Imperial
3070,Roman
3071,the Catholic Church of the Christians
3072,311
3073,Empire
3074,Imperial
3075,Cicero
3076,Lares
3077,Livy
3078,the Pontifex Maximus
3079,Roman
3080,63
3081,Imperial
3082,Christian
3083,BC
3084,Marsyas
3085,Approximately half
3086,Triad
3087,304
3088,Scipio
3089,Jupiter Latiaris
3090,the First Punic War
3091,Imperial
3092,Roman
3093,Marcellus
3094,Cicero
3095,Imperial
3096,BC
3097,Julius Caesar's
3098,Christianity
3099,Livy
3100,Roman
3101,Julius Caesar
3102,The Twelve Tables
3103,Christian
3104,one
3105,Julius Caesar
3106,the Forum Boarium
3107,the Forum Boarium
3108,Senate
3109,Church
3110,Roman
3111,the Via Sacra
3112,Tiberius
3113,Imperial
3114,Junii
3115,Judaism
3116,Vestals
3117,the Bona Dea
3118,The Twelve Tables
3119,Lucretius
3120,Imperial
3121,the First Punic War
3122,Christianity
3123,the day
3124,Marcellus
3125,Imperial
3126,Augustus
3127,Decian
3128,Imperial
3129,Vestal
3130,250
3131,annual
3132,The Christian Church
3133,Roman
3134,Church
3135,Apollo
3136,The Twelve Tables
3137,Less than a quarter
3138,Romulus
3139,Liber
3140,Tacitus
3141,Theodosius
3142,Graeco-Sicilian Euhemerus
3143,Marcellus
3144,BC
3145,Imperial
3146,Roman
3147,Roman
3148,Nero
3149,BC
3150,Remus
3151,the Battle of Pharsalus
3152,the Genius of the living
3153,Gaul
3154,Imperial
3155,Christian Saints
3156,Augustus
3157,Roman
3158,Decius Mus
3159,Roman
3160,Senate
3161,Marcellus
3162,Etrusca
3163,Liber
3164,Imperial
3165,Roman
3166,Roman
3167,Decius
3168,Senate
3169,Latin
3170,Regal
3171,Marcellus
3172,Persian
3173,Emperor
3174,Vestal
3175,Erichtho
3176,Dis
3177,Livy
3178,Aeneas
3179,Lucretius
3180,Livy
3181,Cicero
3182,BC
3183,Senate
3184,264
3185,Canidia
3186,Imperial
3187,Julius Caesar's
3188,BC
3189,Vestal
3190,Rome
3191,Roman
3192,Apollo
3193,Romulus
3194,the First Council of Nicaea
3195,Imperial
3196,Vitruvius
3197,Lucretius
3198,Carthage
3199,Capitoline
3200,Imperial
3201,Rome
3202,Juno
3203,Augustus
3204,Neptune
3205,Bordeaux
3206,Senate
3207,Lucretius
3208,the Via Sacra
3209,Senate
3210,BC
3211,Roman
3212,Imperial
3213,Lucretius
3214,Theodosius
3215,Vestal
3216,BC
3217,Roman
3218,Christian
3219,Aeneas
3220,Parentalia
3221,The Christian Church
3222,kingdom
3223,Jupiter
3224,Graeco-Sicilian Euhemerus
3225,the Pontifex Maximus
3226,Apollonius of Tyana
3227,Graeco-Sicilian Euhemerus
3228,Juno
3229,Livy
3230,Parentalia
3231,one
3232,the Punic Wars'
3233,Roman
3234,many years
3235,Parapodia
3236,3
3237,Oligochaetes
3238,Triassic
3239,Palolo
3240,one
3241,Phyllodocidae
3242,r
3243,Annelids
3244,Palolo
3245,Sipuncula
3246,81
3247,Greek
3248,Europe
3249,u
3250, 
3251,Annelids
3252,i
3253,Echiura
3254,the Ecdysozoa
3255,two
3256,one
3257,Echiura
3258,Annelids
3259,four
3260,Clitellata
3261,two
3262,Leeches
3263,Vertebrates
3264,first
3265,India
3266,l
3267,h
3268,Charles Darwin's
3269,Phyllodocidae
3270,Lophotrochozoa
3271,o
3272,Parapodia
3273, 
3274,1997
3275,Echiura
3276,one
3277,first
3278,Owenia
3279,the Ecdysozoa
3280,Leeches
3281,two
3282,Canadia
3283,only about 25%
3284,North America
3285,Hirudo
3286,one
3287,Vertebrates
3288,first
3289,Siboglinidae
3290,more than one
3291,about 518 million
3292,30 AD
3293,Oligochaetes
3294,Greek
3295,many years
3296,Charles Darwin's
3297,Leeches
3298,Vertebrates
3299,the United Kingdom
3300,July 1992
3301,one
3302,England
3303,Congress
3304,England
3305,Constitution
3306,Revolution
3307,the Office of the Federal Register (OFR
3308,American
3309,20.4 million
3310,Contracts
3311,the U.S. Supreme Court
3312,Erie
3313,the Federal Register
3314,the U.S. Supreme Court
3315,Senate
3316,U.S.
3317,Erie
3318,the United States
3319,Congress
3320,American
3321,the Supreme Court
3322,Commonwealth
3323,the United States
3324,Erie Railroad Co.
3325,The United States Code
3326,the Federal Rules of Civil Procedure
3327,the American Law Institute
3328,the Supreme Court
3329,hundred
3330,Commonwealth
3331,American Rule
3332,the United States
3333,Congress
3334,the United States
3335,the National Archives and Records Administration
3336,Erie Railroad Co.
3337,Constitution
3338,the United Kingdom
3339,Chevron
3340,third
3341,to over 8000
3342,the eighteenth century
3343,Congress
3344,Congress
3345,two
3346,2007
3347,the National Center for State Courts' Court Statistics Project
3348,the end of the 19th century
3349,Chevron
3350,the National Center for State Courts' Court Statistics Project
3351,the Supreme Court
3352,Constitution
3353,Constitution
3354,Contracts
3355,Congress
3356,the McCarran-Ferguson Act
3357,Erie Railroad Co.
3358,U.S.
3359,OFR
3360,1963
3361,the end of the 19th century
3362,OFR
3363,the United States
3364,Congress
3365,the Supreme Court
3366,the United States
3367,Chevron
3368,the Supreme Court
3369,the Supreme Court
3370,eighteen
3371,Constitution
3372,Congress
3373,77000
3374,Congress
3375,The Delaware Court of Chancery
3376,the United Kingdom
3377,NARA
3378,U.S.
3379,the United States
3380,one
3381,the Supreme Court
3382,the United States Statutes at Large
3383,England
3384,American Rule
3385,Senate
3386,the Supreme Court
3387,the United States
3388,1910
3389,Congress
3390,eighteen
3391,Contracts
3392,Congress
3393,Congress
3394,the Supreme Court
3395,Moldovan
3396,the Republic of China
3397,Renaissance
3398,Yiddish
3399,Modern Nationalism
3400,the Campidanese Sardinian
3401,French
3402,Italian
3403,the International Auxiliary Language Association
3404,One
3405,Surzhyk
3406,Moldovan
3407,Tyke
3408,Northern Germany
3409,25.1 1945
3410,Liechtenstein
3411,the Literary Arabic
3412,Romance
3413,Latin
3414,German
3415,Heinz Kloss
3416,the International Auxiliary Language Association
3417,Islam
3418,Moldovan
3419,the Italian Unification
3420,Heinz Kloss
3421,Italy
3422,Italian
3423,Ukrainization
3424,Chinese
3425,Chinese
3426,Islam
3427,Arabic
3428,German
3429,South
3430,Liechtenstein
3431,Macedonian
3432,Greek
3433,Eastern Lombard
3434,Republic of Macedonia
3435,Standard Philippine English
3436,d
3437,Vulgar Latin
3438,Entente
3439,German
3440,o
3441,Vulgar Latin
3442,Romance
3443,Scouse
3444,b
3445,University
3446,Germanic
3447,Renaissance
3448,German
3449,Italian
3450,1967
3451,Gallurese
3452,the Tsarist Government
3453,two
3454,Italian
3455,p
3456,University
3457,Italian
3458,Serbo-Croatian
3459,German
3460,Northern Germany
3461,h
3462,World War I
3463,Yiddish
3464,Florentine
3465,אַ שפּראַך איז אַ דיאַלעקט מיט אַן אַרמײ און פֿלאָט"\u200e:
3466,Heinz Kloss
3467,Spanish
3468,Hakka
3469,World War I
3470,Romanian
3471,Standard British English
3472,University
3473,German
3474,Mediterranean
3475,Scarlet
3476,Red Green Blue
3477,the Paris Commune
3478,ten
3479,the first 20th-century
3480,Oh Isis
3481,Song
3482,the Kermes of Poland
3483,at least 1510
3484,the Philadelphia Phillies
3485,the Vienna Convention on Road
3486,Ming Dynasties
3487,Lithol
3488,Arizona Diamondbacks
3489,Madrid
3490,Roman
3491,Red Green Blue
3492,1960
3493,Rayleigh
3494,Naphtol and Lithol
3495,the Communist Party of China
3496,the Communist Party of China
3497,the Red Cross
3498,Diego Vel¨¢zquez
3499,BC
3500,the Mother of Harlots
3501,the Garde Nationale
3502, 
3503,the Kermes of Poland
3504,the Reign of Terror
3505,the eighth and ninth
3506,the French Revolution
3507,Red Green Blue
3508,The Saint George's Cross
3509,at least 1510
3510,Lithol
3511,the first 20th-century
3512,Kermes
3513,Oxford University
3514,1848
3515,AFC Ajax
3516,Emperor Charlemagne
3517,Harvard University
3518,Cincinnati
3519,BC
3520,Africa
3521,the 1920s
3522,Tintoretto
3523,Aztecs
3524,Chinese New Year
3525,t
3526,the French Army
3527,Naphtol and Lithol
3528,Romans
3529,four
3530,Roman Catholic Bishop
3531,RYB
3532,one
3533,Arsenal
3534,1968
3535,at least 1510
3536,the day
3537,Renaissance
3538, 
3539,the Red Cross
3540,Laccifer
3541,the 1950s
3542,seven
3543,RGB
3544,the Mother of Harlots
3545,two
3546,f
3547,RGB
3548,the French Army
3549,e
3550,two
3551,BC
3552,RYB
3553,the eighth and ninth
3554,River Plate
3555,Monarchs
3556,Emperor Charlemagne
3557,Isis
3558,the Furies of the guillotine
3559,Naphtol and Lithol
3560,zero to
3561,the French Communist Party
3562,the 1920s
3563,the first 20th-century
3564,one
3565,Laccifer
3566,c
3567,2000
3568,Doctors of Philosophy
3569,Blood of Saint John
3570,the Communist Party of China
3571,Kermes
3572,RGB
3573,one
3574,the Roman Empire
3575,Kermes
3576,Kermes
3577,Central and South America
3578,Harvard University
3579,2000
3580,the early days
3581,the Kermes of Poland
3582,Contre nous de la
3583,the Cultural Revolution
3584,DPSS
3585,Party
3586,The Little Red Book
3587,the Emperor Diocletian
3588,one
3589,Byzantine
3590,Imperial Palace
3591,The Night Cafe
3592,the first 20th-century
3593,German
3594,Roman
3595,the French Army
3596,o
3597,one
3598,One to two percent
3599,five years
3600,Rayleigh
3601,Ming Dynasties
3602,RYB
3603,Ming Dynasties
3604,Contre nous de la
3605,The Night Cafe
3606,at least 1510
3607,Aztecs
3608,Imperial Palace
3609,Chinese New Year
3610,BC
3611,Kermes
3612,The Cincinnati Red Stockings
3613,Eastern Europe
3614,the Vienna Convention on Road
3615,Party
3616,Turkey
3617,19th century
